object01,id,pais,fecha,casos_descartados,casos_confirmados,conf_lab,conf_nexo,casos_muertes,casos_recuperados,casos_nacionales,casos_extranjeros,casos_mujeres,casos_hombres,cc_adult,cc_adult_may,cc_menores,cc_edad_nc,cc_hospit,cc_salon,cc_ci,cc_hospi_nv,cc_salon_nv,cc_uci_nv,casos_investigacion,delta,cc_activos,muestras,cr_muj,cr_hom,cr_adult,cr_adult_may,cr_menores,cr_edad_nc,cd_muj,cd_hom,letalidad,muestr_n,dia_covid19
1,1,Costa Rica,2020-03-05 19:00:00,2,0,0,0,0,0,0,0,0,0,0,0,0,0,0,0,0,0,0,0,0,0,0,0,0,0,0,0,0,0,0,0,0,0,0
2,2,Costa Rica,2020-03-06 19:00:00,0,2,2,0,0,0,1,0,0,1,0,0,0,0,0,0,0,0,0,0,0,2,2,0,0,0,0,0,0,0,0,0,0,0,0
3,3,Costa Rica,2020-03-07 19:00:00,0,5,4,0,0,0,3,2,3,2,0,0,0,0,0,0,0,0,0,0,0,4,5,0,0,0,0,0,0,0,0,0,0,0,1
4,4,Costa Rica,2020-03-08 19:00:00,0,9,4,0,0,0,7,2,3,2,0,0,0,0,0,0,0,0,0,0,0,4,9,0,0,0,0,0,0,0,0,0,0,0,2
5,5,Costa Rica,2020-03-09 19:00:00,35,9,0,0,0,0,7,2,6,3,0,0,0,0,0,0,0,0,0,0,0,0,9,0,0,0,0,0,0,0,0,0,0,0,3
6,6,Costa Rica,2020-03-10 19:00:00,59,13,4,0,0,0,10,3,7,6,0,0,0,0,0,0,0,0,0,0,0,4,13,0,0,0,0,0,0,0,0,0,0,0,4
7,7,Costa Rica,2020-03-11 19:00:00,118,22,9,0,0,0,19,3,14,8,18,2,2,0,0,0,0,0,0,0,0,9,22,0,0,0,0,0,0,0,0,0,0,0,5
8,8,Costa Rica,2020-03-12 19:00:00,206,23,1,0,0,0,20,3,14,9,19,2,2,0,0,0,0,0,0,0,0,1,23,0,0,0,0,0,0,0,0,0,0,0,6
9,9,Costa Rica,2020-03-13 19:00:00,289,26,3,0,0,0,23,3,14,12,21,3,2,0,0,0,0,0,0,0,0,3,26,0,0,0,0,0,0,0,0,0,0,0,7
10,10,Costa Rica,2020-03-14 19:00:00,415,27,1,0,0,0,23,4,15,12,22,3,2,0,0,0,0,0,0,0,0,1,27,0,0,0,0,0,0,0,0,0,0,0,8
11,11,Costa Rica,2020-03-15 19:00:00,450,35,8,0,0,0,30,5,19,16,28,3,4,0,0,0,0,0,0,0,0,8,35,0,0,0,0,0,0,0,0,0,0,0,9
12,12,Costa Rica,2020-03-16 19:00:00,615,41,6,0,0,0,35,6,20,21,32,5,4,0,0,0,0,0,0,0,0,6,41,0,0,0,0,0,0,0,0,0,0,0,10
13,13,Costa Rica,2020-03-17 19:00:00,720,50,9,0,0,0,44,6,24,26,40,6,4,0,0,0,0,0,0,0,0,9,50,0,0,0,0,0,0,0,0,0,0,0,11
14,14,Costa Rica,2020-03-18 19:00:00,855,69,19,0,1,0,63,6,30,39,57,7,5,0,0,0,0,0,0,0,0,19,68,0,0,0,0,0,0,0,0,0,0,0,12
15,15,Costa Rica,2020-03-19 19:00:00,951,89,20,0,2,0,79,8,35,52,73,7,7,0,0,0,0,0,0,0,0,20,87,0,0,0,0,0,0,0,0,1,1.2,0,13
16,16,Costa Rica,2020-03-20 19:00:00,1046,113,24,0,2,2,104,9,46,67,97,9,7,0,0,0,0,0,0,0,0,24,109,0,0,0,0,0,0,0,0,2,1.8,0,14
17,17,Costa Rica,2020-03-21 19:00:00,1190,117,4,0,2,2,107,10,48,69,100,10,7,0,0,0,0,0,0,0,0,4,113,0,0,0,0,0,0,0,0,2,1.7,0,15
18,18,Costa Rica,2020-03-22 19:00:00,1400,134,17,0,2,2,117,17,55,79,113,14,7,0,0,0,0,0,0,0,0,17,130,0,0,0,0,0,0,0,0,2,1.5,0,16
19,19,Costa Rica,2020-03-23 19:00:00,1533,158,24,0,2,2,141,14,68,90,135,16,7,0,0,0,0,0,0,0,0,24,154,0,0,0,0,0,0,0,0,2,1.3,0,17
20,20,Costa Rica,2020-03-24 19:00:00,1619,177,19,0,2,2,159,18,74,103,154,16,7,0,0,0,0,0,0,0,0,19,173,0,0,0,0,0,0,0,0,2,1.1,0,18
21,21,Costa Rica,2020-03-25 19:00:00,1684,201,24,0,2,2,183,18,84,117,177,17,7,0,0,0,0,0,0,0,0,24,197,0,0,0,0,0,0,0,0,2,1,0,19
22,22,Costa Rica,2020-03-26 19:00:00,2331,231,30,0,2,2,209,18,101,130,204,19,8,0,0,0,0,0,0,0,4,30,227,0,0,0,0,0,0,0,0,2,0.9,0,20
23,23,Costa Rica,2020-03-27 19:00:00,2786,263,32,0,2,3,241,20,121,142,233,22,8,0,0,0,0,0,0,0,2,32,258,0,0,0,0,0,0,0,0,2,0.8,0,21
24,24,Costa Rica,2020-03-28 19:00:00,2912,295,32,0,2,3,272,21,138,157,263,22,10,0,15,9,6,0,0,0,2,32,290,0,0,0,0,0,0,0,0,2,0.7,0,22
25,25,Costa Rica,2020-03-29 19:00:00,3115,314,19,0,2,3,290,24,150,164,280,22,12,0,13,7,6,0,0,0,0,19,309,0,0,0,0,0,0,0,0,2,0.6,0,23
26,26,Costa Rica,2020-03-30 19:00:00,3362,330,16,0,2,4,303,27,160,170,293,24,13,0,15,8,7,0,0,0,0,16,324,0,0,0,0,0,0,0,0,2,0.6,0,24
27,27,Costa Rica,2020-03-31 19:00:00,3498,347,17,0,2,4,320,27,167,180,309,24,14,0,15,7,8,0,0,0,0,17,341,0,0,0,0,0,0,0,0,2,0.6,0,25
28,28,Costa Rica,2020-04-01 19:00:00,3843,375,28,0,2,4,346,29,181,194,337,24,14,0,15,6,9,0,-1,1,0,28,369,0,0,0,0,0,0,0,0,2,0.5,0,26
29,29,Costa Rica,2020-04-02 19:00:00,3954,396,21,0,2,6,366,30,192,204,356,26,14,0,17,6,11,2,0,2,0,21,388,0,0,0,0,0,0,0,0,2,0.5,0,27
30,30,Costa Rica,2020-04-03 19:00:00,4044,416,20,0,2,11,385,31,201,215,373,27,16,0,23,10,13,6,4,2,0,20,403,0,0,0,0,0,0,0,0,2,0.5,0,28
31,31,Costa Rica,2020-04-04 19:00:00,4219,435,19,0,2,13,404,31,212,223,392,28,15,0,25,12,13,2,2,0,0,19,420,0,0,0,0,0,0,0,0,2,0.5,0,29
32,32,Costa Rica,2020-04-05 19:00:00,4644,454,19,0,2,16,423,31,222,232,411,28,15,0,26,12,14,1,0,1,0,19,436,0,0,0,0,0,0,0,0,2,0.4,0,30
33,33,Costa Rica,2020-04-06 19:00:00,4896,467,13,0,2,18,435,32,227,240,422,29,16,0,26,12,14,0,0,0,0,13,447,0,0,0,0,0,0,0,0,2,0.4,0,31
34,34,Costa Rica,2020-04-07 19:00:00,5042,483,16,0,2,24,449,34,237,246,437,29,17,0,25,11,14,-1,-1,0,0,16,457,0,0,0,0,0,0,0,0,2,0.4,0,32
35,35,Costa Rica,2020-04-08 19:00:00,5533,502,19,0,3,29,468,34,243,259,455,29,18,0,23,8,15,-2,-3,1,0,19,470,0,0,0,0,0,0,0,0,2,0.4,0,33
36,36,Costa Rica,2020-04-09 19:00:00,5759,539,37,0,3,30,505,34,259,280,492,29,18,0,19,6,13,-4,-2,-2,0,37,506,0,0,0,0,0,0,0,0,3,0.6,0,34
37,37,Costa Rica,2020-04-10 19:00:00,5894,558,19,0,3,42,524,34,269,289,508,30,20,0,20,7,13,1,1,0,0,19,513,0,0,0,0,0,0,0,0,3,0.5,0,35
38,38,Costa Rica,2020-04-11 19:00:00,6031,577,19,0,3,49,541,36,277,300,526,31,20,0,18,5,13,-2,-2,0,0,19,525,0,0,0,0,0,0,0,0,3,0.5,0,36
39,39,Costa Rica,2020-04-12 19:00:00,6167,595,18,0,3,56,557,38,285,310,542,31,22,0,19,5,14,1,0,1,0,18,536,0,0,0,0,0,0,0,0,3,0.5,0,37
40,40,Costa Rica,2020-04-13 19:00:00,6256,612,17,0,3,62,569,43,295,317,557,31,24,0,20,6,14,1,1,0,0,17,547,0,0,0,0,0,0,0,0,3,0.5,0,38
41,41,Costa Rica,2020-04-14 19:00:00,6326,618,6,0,3,66,575,43,298,320,562,31,25,0,19,6,13,-1,0,-1,0,6,549,0,0,0,0,0,0,0,0,3,0.5,0,39
42,42,Costa Rica,2020-04-15 19:00:00,6511,626,8,0,4,67,583,43,302,324,570,31,25,0,16,5,11,-3,-1,-2,0,8,555,9089,0,0,0,0,0,0,0,4,0.6,0,40
43,43,Costa Rica,2020-04-16 19:00:00,6709,642,16,0,4,74,591,51,308,334,583,31,28,0,16,5,11,0,0,0,0,16,564,9396,0,0,0,0,0,0,0,4,0.6,307,41
44,44,Costa Rica,2020-04-17 19:00:00,6874,649,7,0,4,88,595,54,312,337,588,31,30,0,15,5,10,-1,0,-1,0,7,557,9752,46,51,0,0,0,0,0,4,0.6,356,42
45,45,Costa Rica,2020-04-18 19:00:00,7095,655,6,0,4,97,600,55,314,341,594,31,30,0,16,6,10,1,1,0,0,6,554,10138,54,58,85,6,6,0,0,4,0.6,386,43
46,46,Costa Rica,2020-04-19 19:00:00,7142,660,5,0,4,112,604,56,317,343,596,32,32,0,15,5,10,-1,-1,0,0,5,544,10417,58,66,96,8,8,0,0,4,0.6,279,44
47,47,Costa Rica,2020-04-20 19:00:00,7236,662,2,0,6,124,606,56,317,345,598,32,32,0,13,5,8,-2,0,-2,0,2,532,10879,58,66,107,9,8,0,0,6,0.9,462,45
48,48,Costa Rica,2020-04-21 19:00:00,7495,669,7,0,6,150,611,58,320,349,602,33,34,0,11,5,6,-2,0,-2,0,7,513,11387,76,74,135,6,9,0,0,6,0.9,508,46
49,49,Costa Rica,2020-04-22 19:00:00,7784,681,12,0,6,180,616,65,326,355,613,34,34,0,11,3,8,0,-2,2,0,12,495,11776,92,88,155,13,12,0,0,6,0.9,389,47
50,50,Costa Rica,2020-04-23 19:00:00,8032,686,5,0,6,196,619,67,328,358,617,35,34,0,13,5,8,2,2,0,0,5,484,12073,97,99,171,13,12,0,0,6,0.9,297,48
51,51,Costa Rica,2020-04-24 19:00:00,8133,687,1,0,6,216,620,67,328,359,618,35,34,0,12,5,7,-1,0,-1,0,1,465,12342,103,113,190,13,13,0,0,6,0.9,269,49
52,52,Costa Rica,2020-04-25 19:00:00,8214,693,6,0,6,242,626,67,333,360,624,35,34,0,13,6,7,1,1,0,0,6,445,12467,114,128,216,13,13,0,0,6,0.9,125,50
53,53,Costa Rica,2020-04-26 19:00:00,8249,695,2,0,6,264,628,67,334,361,625,36,34,0,16,8,8,3,2,1,0,2,425,12581,126,138,237,14,13,0,0,6,0.9,114,51
54,54,Costa Rica,2020-04-27 19:00:00,8305,697,2,0,6,287,628,69,334,363,626,36,35,0,16,8,8,0,0,0,0,2,404,12670,141,146,260,14,13,0,0,6,0.9,89,52
55,55,Costa Rica,2020-04-28 19:00:00,8356,705,8,0,6,306,636,69,336,369,632,38,35,0,16,8,8,0,0,0,0,8,393,12729,146,160,278,15,13,0,0,6,0.9,59,53
56,56,Costa Rica,2020-04-29 19:00:00,8585,713,8,0,6,323,642,71,340,373,638,38,37,0,16,8,8,0,0,0,0,8,384,13117,156,167,292,17,14,0,0,6,0.8,388,54
57,57,Costa Rica,2020-04-30 19:00:00,8688,719,6,0,6,338,647,72,341,378,643,38,38,0,16,7,9,0,-1,1,0,6,375,13240,165,173,306,18,14,0,0,6,0.8,123,55
58,58,Costa Rica,2020-05-01 19:00:00,8849,725,6,0,6,355,651,74,346,379,649,38,38,0,16,9,7,0,2,-2,0,6,364,13529,174,181,320,20,15,0,0,6,0.8,289,56
59,59,Costa Rica,2020-05-02 19:00:00,8932,733,8,0,6,372,657,76,351,382,655,38,40,0,16,10,6,0,1,-1,0,8,355,13632,182,190,337,20,15,0,0,6,0.8,103,57
60,60,Costa Rica,2020-05-03 19:00:00,9046,739,6,0,6,386,660,79,352,387,661,38,40,0,16,10,6,0,0,0,0,6,347,13851,186,200,346,22,18,0,0,6,0.8,219,58
61,61,Costa Rica,2020-05-04 19:00:00,9149,742,3,0,6,399,663,79,352,390,664,38,40,0,17,12,5,1,2,-1,0,3,337,13988,192,207,359,22,18,0,0,6,0.8,137,59
62,62,Costa Rica,2020-05-05 19:00:00,9209,755,13,0,6,413,664,91,352,403,677,38,40,0,17,12,5,0,0,0,0,13,336,14121,202,211,370,22,21,0,0,6,0.8,133,60
63,63,Costa Rica,2020-05-06 19:00:00,9412,761,6,0,6,428,670,91,356,405,682,38,41,0,18,13,5,1,1,0,0,6,327,14448,207,221,385,22,21,0,0,6,0.8,327,61
64,64,Costa Rica,2020-05-07 19:00:00,9682,765,4,0,6,445,673,92,358,407,686,38,41,0,19,13,6,1,0,1,0,4,314,15140,217,228,401,22,22,0,0,6,0.8,692,62
65,65,Costa Rica,2020-05-08 19:00:00,10126,773,8,0,6,461,679,94,364,409,693,39,41,0,21,15,6,2,2,0,0,8,306,15810,227,234,417,22,22,0,0,6,0.8,670,63
66,66,Costa Rica,2020-05-09 19:00:00,10568,780,7,0,6,480,682,98,367,413,699,40,41,0,22,16,6,1,1,0,0,7,294,16517,235,245,435,23,22,0,0,6,0.8,707,64
67,67,Costa Rica,2020-05-10 19:00:00,11148,792,12,0,6,501,686,106,369,423,709,41,42,0,21,15,6,-1,-1,0,0,12,285,17170,243,258,451,26,24,0,0,6,0.8,653,65
68,68,Costa Rica,2020-05-11 19:00:00,11259,801,9,0,7,517,688,113,373,428,718,41,42,0,21,15,6,0,0,0,0,9,277,17299,251,266,464,27,26,0,0,7,0.9,129,66
69,69,Costa Rica,2020-05-12 19:00:00,11329,804,3,0,7,520,691,113,374,430,720,41,43,0,21,15,6,0,0,0,0,3,277,17470,252,268,467,27,26,0,0,7,0.9,171,67
70,70,Costa Rica,2020-05-13 19:00:00,11764,815,11,0,7,527,695,120,377,438,730,41,44,0,20,14,6,-1,-1,0,0,11,281,18040,256,271,473,27,27,0,0,7,0.9,570,68
71,71,Costa Rica,2020-05-14 19:00:00,12064,830,15,0,8,535,702,128,380,450,744,41,45,0,17,13,4,-3,-1,-2,0,15,287,18388,260,275,481,27,27,0,0,8,1,348,69
72,72,Costa Rica,2020-05-15 19:00:00,12260,843,13,0,8,542,712,131,384,459,751,43,49,0,18,13,5,1,0,1,0,13,293,18655,263,279,488,27,27,0,0,8,1,267,70
73,73,Costa Rica,2020-05-16 19:00:00,12915,853,10,0,10,551,717,136,387,466,758,43,52,0,17,13,4,-1,0,-1,0,10,292,19401,269,282,495,29,27,0,1,9,1.2,746,71
74,74,Costa Rica,2020-05-17 19:00:00,13481,863,10,0,10,565,725,138,393,470,768,43,52,0,17,14,3,0,1,-1,0,10,288,20115,274,291,509,29,27,0,1,9,1.2,714,72
75,75,Costa Rica,2020-05-18 19:00:00,13684,866,3,0,10,575,726,140,395,471,771,43,52,0,17,14,3,0,0,0,0,3,281,20352,280,295,518,30,27,0,1,9,1.2,237,73
76,76,Costa Rica,2020-05-19 19:00:00,13806,882,16,0,10,577,735,147,405,477,782,45,55,0,18,13,5,1,-1,2,0,16,295,20741,281,296,519,30,28,0,1,9,1.1,389,74
77,77,Costa Rica,2020-05-20 19:00:00,14225,897,15,0,10,582,742,155,414,483,797,45,55,0,13,8,5,-5,-5,0,0,15,305,21299,282,300,524,30,28,0,1,9,1.1,558,75
78,78,Costa Rica,2020-05-21 19:00:00,14387,903,6,0,10,592,745,158,417,486,802,46,55,0,12,9,3,-1,1,-2,0,6,301,21929,286,306,533,30,29,0,1,9,1.1,630,76
79,79,Costa Rica,2020-05-22 19:00:00,14865,911,8,0,10,600,751,160,421,490,807,48,56,0,14,10,4,2,2,1,0,8,301,22554,292,308,541,30,29,0,1,9,1.1,625,77
80,80,Costa Rica,2020-05-23 19:00:00,15093,918,7,0,10,607,757,161,425,493,811,49,58,0,15,11,4,1,1,0,0,7,301,22910,294,313,548,30,29,0,1,9,1.1,356,78
81,81,Costa Rica,2020-05-24 19:00:00,15491,930,12,0,10,620,766,164,432,498,816,50,64,0,15,12,3,0,1,-1,0,12,300,23378,301,319,561,30,29,0,1,9,1.1,468,79
82,82,Costa Rica,2020-05-25 19:00:00,15627,951,21,0,10,628,778,173,444,507,833,51,67,0,15,13,2,0,1,-1,0,21,313,23580,306,322,567,30,31,0,1,9,1.1,202,80
83,83,Costa Rica,2020-05-26 19:00:00,15747,956,5,0,10,634,783,173,446,510,838,51,67,0,13,11,2,-2,-2,0,0,5,312,23703,309,325,572,31,31,0,1,9,1.1,123,81
84,84,Costa Rica,2020-05-27 19:00:00,16368,984,28,0,10,639,804,180,459,525,854,52,78,0,12,10,2,-1,-1,0,0,28,335,24338,311,328,577,31,31,0,1,9,1,735,82
85,85,Costa Rica,2020-05-28 19:00:00,16726,1000,16,0,10,646,817,183,470,530,867,53,80,0,12,10,2,0,0,0,0,16,344,24897,312,334,583,31,32,0,1,9,1,459,83
86,86,Costa Rica,2020-05-29 19:00:00,17244,1022,22,0,10,653,830,192,480,542,883,55,84,0,13,11,2,1,1,0,0,22,359,25503,313,340,589,31,33,0,1,9,1,606,84
87,87,Costa Rica,2020-05-30 19:00:00,17686,1047,25,0,10,658,841,206,491,556,905,55,87,0,15,11,4,2,0,2,0,25,379,26073,315,343,592,32,34,0,1,9,1,570,85
88,88,Costa Rica,2020-05-31 19:00:00,18198,1056,9,0,10,669,847,209,495,561,911,56,89,0,16,12,4,1,1,0,0,9,377,26622,322,347,603,32,34,0,1,9,1,549,86
89,89,Costa Rica,2020-06-01 19:00:00,18431,1084,28,0,10,676,872,212,510,574,933,58,93,0,18,13,5,2,1,1,0,28,398,26974,325,351,610,32,34,0,1,9,0.9,352,87
90,90,Costa Rica,2020-06-02 19:00:00,18674,1105,21,0,10,682,888,217,521,584,951,59,95,0,19,14,5,1,1,0,0,21,413,27318,328,354,615,32,35,0,1,9,0.9,344,88
91,91,Costa Rica,2020-06-03 19:00:00,19037,1157,52,0,10,685,913,244,542,615,989,60,108,0,21,16,5,2,2,0,0,52,462,27882,329,356,617,32,36,0,1,9,0.9,564,89
92,92,Costa Rica,2020-06-04 19:00:00,19376,1194,37,0,10,687,940,254,561,633,1017,60,117,0,24,19,5,3,3,0,0,37,497,28296,330,357,619,32,36,0,1,9,0.8,414,90
93,93,Costa Rica,2020-06-05 19:00:00,19785,1228,34,0,10,695,968,260,576,652,1039,62,127,0,22,18,4,-2,-1,-1,0,34,523,28753,333,362,626,32,37,0,1,9,0.8,457,91
94,94,Costa Rica,2020-06-06 19:00:00,20084,1263,35,0,10,701,991,272,592,671,1072,62,129,0,19,16,3,-3,-2,-1,0,35,552,29140,337,364,632,32,37,0,1,9,0.8,387,92
95,95,Costa Rica,2020-06-07 19:00:00,20297,1318,55,0,10,704,1021,297,613,705,1120,64,134,0,20,16,4,1,0,1,0,55,604,29449,340,364,635,32,37,0,1,9,0.8,309,93
96,96,Costa Rica,2020-06-08 19:00:00,20434,1342,24,0,10,712,1041,301,628,714,1137,66,139,0,19,14,5,-1,-2,1,0,24,620,29622,343,369,641,33,38,0,1,9,0.8,173,94
97,97,Costa Rica,2020-06-09 19:00:00,20630,1375,33,0,11,717,1066,309,643,732,1159,67,149,0,21,17,4,2,3,-1,0,33,647,29877,344,373,644,34,39,0,2,9,0.8,255,95
98,98,Costa Rica,2020-06-10 19:00:00,20971,1461,86,0,12,722,1112,349,678,783,1228,69,164,0,20,17,3,-1,0,-1,0,86,727,30372,345,377,648,35,39,0,3,9,0.8,495,96
99,99,Costa Rica,2020-06-11 19:00:00,21275,1538,77,0,12,722,1150,388,710,828,1287,72,179,0,20,17,3,0,0,0,0,77,804,30779,345,377,648,35,39,0,3,9,0.8,407,97
100,100,Costa Rica,2020-06-12 19:00:00,21684,1612,74,0,12,731,1202,410,744,868,1340,89,183,0,20,17,3,0,0,0,0,74,869,31308,350,381,657,35,39,0,3,9,0.7,529,98
101,101,Costa Rica,2020-06-13 19:00:00,22144,1662,50,0,12,743,1247,415,762,900,1374,90,198,0,19,16,3,-1,-1,0,0,50,907,31838,356,387,667,36,40,0,3,9,0.7,530,99
102,102,Costa Rica,2020-06-14 19:00:00,22399,1715,53,0,12,752,1278,437,787,928,1407,90,218,0,17,14,3,-2,-2,0,0,53,951,32262,361,391,675,36,41,0,3,9,0.7,424,100
103,103,Costa Rica,2020-06-15 19:00:00,22607,1744,29,0,12,771,1297,447,800,944,1428,91,225,0,19,15,4,2,1,1,0,29,961,32510,367,404,687,36,48,0,3,9,0.7,248,101
104,104,Costa Rica,2020-06-16 19:00:00,22833,1796,52,0,12,794,1337,459,818,978,1460,91,245,0,20,18,2,1,3,-2,0,52,990,32801,387,407,698,40,56,0,3,9,0.7,291,102
105,105,Costa Rica,2020-06-17 19:00:00,23209,1871,75,0,12,899,1385,486,838,1033,1523,93,255,0,22,19,2,2,1,1,0,75,960,33282,432,467,788,43,68,0,3,9,0.6,481,103
106,106,Costa Rica,2020-06-18 19:00:00,23588,1939,68,0,12,937,1435,504,864,1075,1578,97,264,0,25,22,3,3,2,1,0,68,990,33780,457,480,814,45,78,0,3,9,0.6,498,104
107,107,Costa Rica,2020-06-19 19:00:00,24098,2058,119,0,12,982,1489,521,915,1143,1678,97,283,0,29,24,5,4,2,2,48,119,1064,34477,471,511,847,47,88,0,3,9,0.6,697,105
108,108,Costa Rica,2020-06-20 19:00:00,24486,2127,69,0,12,1014,1553,574,944,1183,1734,100,293,0,27,22,5,1,1,0,0,69,1101,34931,483,531,876,48,90,0,3,9,0.6,456,106
109,109,Costa Rica,2020-06-21 19:00:00,24791,2213,86,0,12,1032,1614,599,979,1234,1792,103,318,0,26,22,4,1,1,-1,0,86,1169,35369,492,540,891,49,92,0,3,9,0.5,438,107
110,110,Costa Rica,2020-06-22 19:00:00,24971,2277,64,0,12,1043,1660,617,1006,1271,1839,108,330,0,28,24,4,2,2,0,0,64,1222,35225,500,543,898,49,96,0,3,9,0.5,180,108
111,111,Costa Rica,2020-06-23 19:00:00,25323,2368,91,0,12,1129,1716,652,1049,1319,1911,110,347,0,30,27,3,2,3,-1,2,91,1227,36135,540,589,962,52,115,0,3,9,0.5,510,109
112,112,Costa Rica,2020-06-24 19:00:00,25797,2515,147,0,12,1210,1822,693,1123,1392,1959,114,371,71,30,25,5,3,1,2,0,147,1293,36765,575,635,1008,54,137,11,3,9,0.5,630,110
113,113,Costa Rica,2020-06-25 19:00:00,26331,2684,169,0,12,1227,1968,716,1201,1483,2077,122,414,71,29,23,6,2,1,1,0,169,1445,37645,583,644,1021,56,139,11,3,9,0.5,880,111
114,114,Costa Rica,2020-06-26 19:00:00,26866,2836,152,0,12,1280,2073,763,1253,1583,2186,136,438,76,36,30,6,7,7,0,0,152,1544,38500,602,673,1067,57,145,11,3,9,0.4,855,112
115,115,Costa Rica,2020-06-27 19:00:00,27613,2979,143,0,13,1325,2182,793,1313,1666,2326,140,442,71,36,31,5,3,3,-1,4,143,1641,39460,620,705,1102,60,152,11,4,9,0.4,960,113
116,116,Costa Rica,2020-06-28 19:00:00,28205,3130,151,0,15,1366,2280,850,1371,1759,2428,150,471,81,37,34,3,4,4,-2,0,151,1749,40319,637,729,1128,61,166,11,6,9,0.5,859,114
117,117,Costa Rica,2020-06-29 19:00:00,28757,3269,139,0,15,1394,2370,899,1425,1844,2546,159,481,83,40,36,4,3,2,1,0,139,1860,41077,646,748,1147,62,174,11,6,9,0.5,758,115
118,118,Costa Rica,2020-06-30 19:00:00,29161,3459,190,0,16,1436,2493,966,1503,1956,2697,167,512,83,44,39,5,9,9,1,0,190,2007,41680,663,773,1180,64,181,11,7,9,0.5,603,116
119,119,Costa Rica,2020-07-01 19:00:00,29720,3753,294,0,16,1516,2668,1085,1624,2129,2942,182,540,89,44,50,6,13,11,1,0,294,2221,42589,698,818,1231,68,199,18,7,9,0.4,909,117
120,120,Costa Rica,2020-07-02 19:00:00,30709,4023,270,0,17,1589,2848,1175,1721,2302,3162,191,580,90,60,54,6,10,10,0,0,270,2417,43865,713,876,1262,68,210,49,8,9,0.4,1276,118
121,121,Costa Rica,2020-07-03 19:00:00,31354,4311,288,0,18,1657,3061,1250,1846,2465,3398,207,616,90,73,63,10,13,14,4,0,288,2636,44917,752,905,1312,72,224,49,9,9,0.4,1052,119
122,122,Costa Rica,2020-07-04 19:00:00,32042,4621,310,0,18,1721,3275,1346,1946,2675,3652,220,662,87,73,63,10,10,10,0,0,310,2882,45945,779,942,1356,75,241,49,9,9,0.4,1028,120
123,123,Costa Rica,2020-07-05 19:00:00,32864,4996,375,0,19,1745,3543,1453,2116,2880,3946,233,730,87,77,67,10,12,12,0,0,375,3232,47160,792,953,1374,76,246,49,9,10,0.4,1215,121
124,124,Costa Rica,2020-07-06 19:00:00,33619,5241,245,0,23,1766,3705,1536,2230,3011,4142,245,765,89,88,79,9,11,14,-1,0,245,3452,48487,801,965,1388,76,252,50,10,13,0.4,1021,122
125,125,Costa Rica,2020-07-07 19:00:00,34596,5486,245,0,23,1810,3883,1603,2339,3147,4351,262,784,89,107,96,11,19,12,2,0,245,3653,49717,822,988,1426,78,255,51,10,13,0.4,1230,123
126,126,Costa Rica,2020-07-08 19:00:00,35374,5836,350,0,24,1929,4130,1706,2476,3360,4661,276,807,92,113,102,11,6,11,0,0,350,3883,50852,871,1058,1517,81,278,53,10,14,0.4,1135,124
127,127,Costa Rica,2020-07-09 19:00:00,36475,6485,649,0,25,2023,4597,1888,2769,3716,5214,306,873,92,120,106,14,7,14,3,0,649,4437,52775,908,1115,1585,85,299,54,10,15,0.4,1923,125
128,128,Costa Rica,2020-07-10 19:00:00,37482,6845,360,0,26,2110,4863,1982,2936,3909,5522,319,917,87,128,111,17,8,5,3,0,360,4709,54191,941,1169,1643,90,319,58,11,15,0.4,1416,126
129,129,Costa Rica,2020-07-11 19:00:00,38691,7231,386,0,28,2220,5109,2122,3105,4126,5846,342,953,90,132,110,22,11,5,5,0,386,4983,55982,988,1232,1730,96,335,59,12,16,0.4,1791,127
130,130,Costa Rica,2020-07-12 19:00:00,40118,7596,365,0,30,2239,5353,2243,3273,4323,6153,359,995,89,140,113,27,18,15,5,0,365,5327,57745,994,1245,1746,97,336,60,12,18,0.4,1763,128
131,131,Costa Rica,2020-07-13 19:00:00,41529,8036,440,0,31,2304,5666,2370,3458,4578,6522,391,1033,90,161,131,30,23,18,3,0,440,5701,59749,1018,1286,1795,104,345,60,12,19,0.4,2004,129
132,132,Costa Rica,2020-07-14 19:00:00,42518,8482,446,0,36,2441,5965,2517,3661,4821,6882,427,1080,93,171,141,27,32,31,-3,0,446,6005,61216,1081,1360,1888,111,379,63,15,21,0.4,1467,130
133,133,Costa Rica,2020-07-15 19:00:00,43407,8986,504,0,40,2551,6325,2661,3886,5100,7290,447,1155,94,188,157,31,29,28,4,0,504,6395,62558,1126,1425,1985,115,388,63,16,24,0.5,1342,131
134,134,Costa Rica,2020-07-16 19:00:00,44350,9546,560,0,42,2673,6750,2796,4126,5420,7766,483,1200,97,207,172,35,39,34,4,0,560,6831,64150,1174,1499,2088,120,402,63,17,25,0.4,1592,132
135,135,Costa Rica,2020-07-17 19:00:00,45495,9969,423,0,47,2818,7049,2920,4324,5643,8111,512,1246,100,211,173,38,19,17,3,0,423,7104,65819,1235,1583,2204,123,427,64,19,28,0.5,1669,133
136,136,Costa Rica,2020-07-18 19:00:00,46029,10551,582,0,54,2902,7476,3075,4606,5945,8583,551,1315,102,225,184,41,36,31,5,0,582,7595,67077,1269,1633,2270,126,442,64,22,32,0.5,1258,134
137,137,Costa Rica,2020-07-19 19:00:00,46990,11114,563,0,62,2966,7904,3210,4856,6258,9041,590,1377,106,241,197,44,32,31,3,0,563,8086,68755,1298,1668,2319,130,453,64,25,37,0.6,1678,135
138,138,Costa Rica,2020-07-20 19:00:00,47687,11534,420,0,66,3019,8188,3346,5060,6474,9382,628,1417,107,259,212,47,18,15,3,0,420,8449,69947,1320,1699,2360,134,461,64,26,40,0.6,1192,136
139,139,Costa Rica,2020-07-21 19:00:00,48514,11811,277,0,68,3194,8400,3411,5194,6617,9615,646,1442,108,272,223,49,30,29,2,0,277,8549,71150,1397,1797,2504,140,486,64,26,42,0.6,1203,137
140,140,Costa Rica,2020-07-22 19:00:00,49192,12361,550,0,71,3322,8812,3549,5471,6890,10066,690,1496,109,285,235,50,39,38,1,0,550,8968,72397,1462,1860,2611,143,504,64,27,44,0.6,1247,138
141,141,Costa Rica,2020-07-23 19:00:00,50253,13129,768,0,81,3448,9382,3747,5875,7254,10694,742,1581,112,290,247,43,28,27,-7,0,768,9600,74375,1520,1928,2725,147,512,64,27,54,0.6,1978,139
142,142,Costa Rica,2020-07-24 19:00:00,51223,13669,540,0,87,3505,9778,3891,6142,7527,11144,789,1623,113,298,249,49,35,31,6,0,540,10077,76053,1547,1958,2769,151,520,65,30,57,0.6,1678,140
143,143,Costa Rica,2020-07-25 19:00:00,52134,14600,931,0,98,3640,10466,4134,6594,8006,11890,856,1738,116,293,242,51,35,35,2,0,931,10862,77958,1602,2038,2889,156,529,66,35,63,0.7,1905,141
144,144,Costa Rica,2020-07-26 19:00:00,53069,15229,629,0,104,3736,10913,4316,6913,8316,12400,914,1794,121,310,254,56,37,32,5,0,629,11389,79544,1649,2087,2976,158,535,67,38,66,0.7,1586,142
145,145,Costa Rica,2020-07-27 19:00:00,54158,15841,612,0,115,3824,11377,4464,7219,8622,12905,959,1856,121,323,267,56,21,20,1,0,612,11902,81266,1689,2135,3048,162,547,67,42,73,0.7,1722,143
146,146,Costa Rica,2020-07-28 19:00:00,55156,16344,503,0,125,3920,11783,4561,7458,8886,13325,985,1907,127,323,270,53,19,18,1,0,503,12299,82855,1723,2197,3126,167,559,68,47,78,0.8,1589,144
147,147,Costa Rica,2020-07-29 19:00:00,56356,16800,456,0,133,4050,12136,4664,7665,9135,13689,1039,1940,132,334,259,75,24,18,22,0,456,12617,84815,1781,2269,3228,175,578,69,50,83,0.8,1960,145
148,148,Costa Rica,2020-07-30 19:00:00,57706,17290,490,0,140,4280,12495,4795,7871,9419,14121,1070,1964,135,352,272,80,44,41,5,0,490,12870,86803,1880,2400,3422,189,598,71,53,87,0.8,1988,146
149,149,Costa Rica,2020-07-31 19:00:00,58920,17820,530,0,150,4404,12899,4921,8106,9714,14608,1105,1989,118,345,270,75,32,31,1,0,530,13266,88861,1935,2469,3540,195,615,54,56,94,0.8,2058,147
150,150,Costa Rica,2020-08-01 19:00:00,60216,18187,367,0,154,4531,13166,5021,8268,9919,14940,1128,2001,118,346,252,94,33,30,19,0,367,13502,90543,1995,2536,3645,204,628,54,57,97,0.9,1682,148
151,151,Costa Rica,2020-08-02 19:00:00,61443,18975,788,40,162,4585,13762,5213,8644,10331,15620,1179,2056,120,366,268,98,44,39,4,0,788,14228,92680,2020,2565,3693,207,631,54,58,104,0.9,2137,149
152,152,Costa Rica,2020-08-03 19:00:00,62566,19402,427,22,171,4689,14113,5289,8830,10572,15981,1212,2089,120,393,296,97,46,43,3,0,427,14542,94512,2071,2618,3780,209,646,54,63,108,0.9,1832,150
153,153,Costa Rica,2020-08-04 19:00:00,63715,19837,435,106,181,6590,14451,5386,9029,10808,16357,1248,2112,120,391,293,98,33,28,5,0,435,13066,96110,2885,3705,5344,297,889,60,66,115,0.9,1598,151
154,154,Costa Rica,2020-08-05 19:00:00,64934,20417,580,98,191,6851,14878,5539,9273,11144,16881,1284,2129,123,388,288,100,36,26,10,0,580,13375,97950,3005,3846,5561,309,918,63,71,120,0.9,1840,152
155,155,Costa Rica,2020-08-06 19:00:00,66116,21070,653,109,200,7038,15378,5692,9574,11496,17466,1331,2150,123,391,288,103,37,28,9,0,653,13832,100050,3087,3951,5712,317,945,64,74,126,1,2100,153
156,156,Costa Rica,2020-08-07 19:00:00,67450,22081,496,140,218,7266,16204,5877,10112,11969,18289,1405,2263,124,373,284,89,30,26,3,0,1011,14597,102257,3203,4063,5915,329,958,64,82,136,1,2207,154
157,157,Costa Rica,2020-08-08 19:00:00,68551,22802,586,135,228,7589,16766,6036,10447,12355,18902,1448,2326,126,360,280,80,33,28,5,0,721,14985,104246,3364,4225,6184,344,998,63,85,143,1,1989,155
158,158,Costa Rica,2020-08-09 19:00:00,69509,23286,447,37,235,7730,17135,6151,10670,12616,19318,1493,2348,127,376,290,86,38,28,9,0,484,15321,105915,3433,4297,6300,349,1017,64,86,149,1,1669,156
159,159,Costa Rica,2020-08-10 19:00:00,70399,23872,567,19,244,7823,17586,6286,10943,12929,19821,1528,2387,136,388,304,84,12,24,5,0,586,15805,107461,3479,4344,6373,354,1025,71,88,156,1,1546,157
160,160,Costa Rica,2020-08-11 19:00:00,71066,24508,584,52,255,7971,18062,6446,11233,13275,20362,1567,2411,168,383,298,85,42,30,12,0,636,16282,108819,3555,4416,6507,358,1035,71,92,163,1,1358,158
161,161,Costa Rica,2020-08-12 19:00:00,72238,25057,492,57,263,8189,18458,6599,11488,13569,20874,1598,2434,151,371,283,28,34,88,11,0,549,16605,110817,3654,4535,6679,370,1067,73,96,167,1,1998,159
162,162,Costa Rica,2020-08-13 19:00:00,73577,26129,658,168,272,8412,19343,6786,12021,14108,21759,1663,2544,163,369,274,95,32,23,9,0,1072,17445,112960,3757,4655,6860,380,1099,73,99,173,1,2143,160
163,163,Costa Rica,2020-08-14 19:00:00,75083,26931,666,136,281,8785,19964,6967,12416,14515,22459,1704,2604,164,373,274,99,36,23,7,0,802,17865,115444,3936,4849,7164,397,1148,76,102,179,1,2484,161
164,164,Costa Rica,2020-08-15 19:00:00,76681,27737,599,207,291,9010,20586,7151,12800,14937,23147,1759,2660,171,369,265,104,36,29,6,0,806,18436,117914,4047,4963,7350,409,1175,76,108,183,1.1,2470,162
165,165,Costa Rica,2020-08-16 19:00:00,78235,28465,690,38,294,9062,21173,7292,13136,15329,23783,1805,2706,171,380,278,102,36,31,4,0,728,19109,120435,4074,4988,7391,415,1180,76,109,185,1.03,2521,163
166,166,Costa Rica,2020-08-17 19:00:00,79189,29084,581,38,304,9233,21668,7416,13420,15664,24317,1850,2745,172,397,291,106,32,32,4,0,619,19547,122134,4147,5086,7542,427,1188,76,113,191,1.1,1699,164
167,167,Costa Rica,2020-08-18 19:00:00,79750,29643,498,61,314,9462,22167,7476,13681,15962,24826,1878,2784,155,413,303,110,36,27,9,0,559,19867,123223,4237,5225,7747,443,1214,58,117,197,1.1,1089,165
168,168,Costa Rica,2020-08-19 19:00:00,80701,30409,584,182,321,9660,22764,7645,14054,16355,25489,1925,2838,157,412,286,126,-1,33,16,0,766,20428,124854,4324,5336,7923,455,1224,58,121,200,1.1,1631,166
169,169,Costa Rica,2020-08-20 19:00:00,81437,31075,459,207,333,9939,23311,7764,14382,16693,26053,1966,2896,160,410,282,128,42,34,8,0,666,20803,126337,4444,5495,8164,471,1243,61,125,208,1.1,1483,167
170,170,Costa Rica,2020-08-21 19:00:00,82409,32134,866,193,340,10159,24162,7972,14909,17225,26990,2015,2969,160,403,279,124,36,31,5,0,1059,21635,128308,4552,5607,,490,1266,61,127,213,1.1,1971,168
171,171,Costa Rica,2020-08-22 19:00:00,83763,33084,777,173,348,10372,24927,8157,15345,17739,27816,2063,3044,161,386,255,131,29,21,8,0,950,22364,130867,4646,5726,8529,501,1280,62,129,219,1.1,2559,169
172,172,Costa Rica,2020-08-23 19:00:00,85174,33820,682,54,355,10518,25529,8291,15699,18121,28463,2119,3076,162,405,274,131,19,25,8,0,736,22947,133005,4708,5810,8655,510,1291,62,133,222,1.1,2138,170
173,173,Costa Rica,2020-08-24 19:00:00,86132,34463,575,68,362,12758,26070,8393,15988,18475,29010,2162,3129,162,414,271,143,30,20,10,0,643,21343,134812,5786,6972,10504,675,1514,65,137,225,1.1,1807,171
174,174,Costa Rica,2020-08-25 19:00:00,86834,35305,602,240,376,13073,26794,8511,16411,18894,29705,2213,3224,163,412,268,144,36,27,9,0,842,21856,136154,5920,7153,10775,695,1536,67,144,232,1.1,1342,172
175,175,Costa Rica,2020-08-26 19:00:00,88082,36307,800,202,386,13317,27624,8683,16878,19429,30566,2300,3273,168,400,257,143,43,31,12,0,1002,22604,138394,6042,7275,10996,703,1548,70,149,237,1.1,2240,173
176,176,Costa Rica,2020-08-27 19:00:00,89168,37292,773,212,397,14471,28403,8889,17383,19909,31408,2357,3359,168,395,263,132,45,31,14,0,985,22424,140722,6606,7865,12015,778,1608,70,153,244,1.1,2328,174
177,177,Costa Rica,2020-08-28 19:00:00,90402,38485,977,216,407,14664,29434,9051,17962,20523,32427,2430,3459,169,411,271,140,55,38,17,0,1193,23414,143049,6692,7972,12185,781,1627,71,158,249,1.1,2327,175
178,178,Costa Rica,2020-08-29 19:00:00,92046,39699,989,225,418,15737,30450,9249,18546,21153,33445,2516,3568,170,413,280,133,38,29,9,0,1214,23544,146047,7233,8504,13142,832,1691,72,160,258,1.1,2998,176
179,179,Costa Rica,2020-08-30 19:00:00,93296,40546,804,43,429,15970,31155,9391,18947,21599,34161,2583,3627,175,432,290,142,47,37,10,0,847,24147,148479,7341,8629,13333,846,1715,76,166,263,1.1,2432,177
180,180,Costa Rica,2020-08-31 19:00:00,94127,41287,686,55,436,16056,31796,9491,19274,22013,34768,2663,3676,180,450,306,144,38,33,5,0,741,24795,150106,7379,8677,13404,851,1719,82,169,267,1.1,1627,178
181,181,Costa Rica,2020-09-01 19:00:00,94942,42184,673,224,443,16270,32574,9610,19705,22479,35522,2722,3757,183,448,299,149,41,31,10,0,897,25471,151694,7471,8799,13586,862,1737,85,172,271,1.1,1588,179
182,182,Costa Rica,2020-09-02 19:00:00,96176,43305,885,236,453,16512,33520,9785,20273,23032,36505,2783,3837,180,456,302,154,47,37,10,0,1121,26340,153884,7540,8972,13797,871,1748,96,174,279,1.1,2190,180
183,183,Costa Rica,2020-09-03 19:00:00,97754,44458,913,240,460,17855,34492,9966,20851,23607,37500,2838,3936,184,463,302,161,47,31,16,0,1153,26143,156466,8233,9622,14960,940,1855,100,176,284,1,2582,181
184,184,Costa Rica,2020-09-04 19:00:00,99506,45680,988,224,469,18053,35545,10135,21451,24229,38580,2931,4036,133,469,257,212,46,30,62,0,1222,27158,159455,8329,9724,15167,955,1871,60,177,292,1,2989,182
185,185,Costa Rica,2020-09-05 19:00:00,101370,46920,1015,225,478,18211,36597,10323,22063,24857,39646,3014,4127,133,471,261,210,54,38,16,0,1240,28231,162780,8407,9804,15304,963,1884,60,179,299,1,3325,183
186,186,Costa Rica,2020-09-06 19:00:00,102555,47947,957,70,491,18445,37498,10449,22581,25366,40570,3068,4196,113,480,270,210,40,25,15,0,1027,29011,165144,8519,9926,15521,980,1895,49,185,306,1,2364,184
187,187,Costa Rica,2020-09-07 19:00:00,103361,48780,750,83,510,19083,38226,10554,22990,25790,41305,3126,4233,116,496,283,213,41,34,12,0,833,29187,166786,8848,10235,16073,1027,1933,50,195,315,1.1,1642,185
188,188,Costa Rica,2020-09-08 19:00:00,104510,49897,829,288,531,19285,39175,10722,23523,26374,42245,3194,4341,117,500,264,236,57,34,23,0,1117,30081,169002,8951,10334,16250,1033,1951,51,202,329,1.1,2216,186
189,189,Costa Rica,2020-09-09 19:00:00,105961,51224,1066,261,543,19544,40330,10894,24173,27051,43366,3287,4455,116,509,272,237,68,51,17,0,1327,31137,172011,9065,10479,16485,1046,1963,50,205,338,1.1,3009,187
190,190,Costa Rica,2020-09-10 19:00:00,107513,52549,1063,262,567,20322,41483,11066,24827,27722,44504,3390,4538,117,524,305,219,74,60,14,0,1325,31660,175050,9439,10883,17160,1084,2023,55,214,353,1.1,3039,188
191,191,Costa Rica,2020-09-11 19:00:00,109500,53969,1167,253,583,20710,42694,11275,25506,28463,45744,3475,4636,114,534,313,221,65,46,19,0,1420,32676,178446,9631,11079,17495,1100,2059,56,221,362,1.1,3396,189
192,192,Costa Rica,2020-09-12 19:00:00,111235,55454,1261,224,590,20928,43980,11474,26236,29218,47038,3549,4753,114,564,339,225,72,53,19,0,1485,33936,181763,9739,11189,17674,1109,2088,57,224,366,1.1,3317,190
193,193,Costa Rica,2020-09-13 19:00:00,112919,56424,911,59,605,21069,44817,11607,26714,29710,47879,3624,4798,123,589,352,237,62,62,18,0,970,34750,184522,9810,11259,17792,1118,2099,60,229,376,1.1,2759,191
194,194,Costa Rica,2020-09-14 19:00:00,113934,57361,841,96,621,21206,45657,11704,27172,30189,48667,3704,4864,126,620,377,243,86,71,15,0,937,35534,186456,9881,11325,17906,1123,2117,60,233,388,1.1,1934,192
195,195,Costa Rica,2020-09-15 19:00:00,114929,58138,713,64,633,21536,46352,11786,27555,30583,49340,3760,4909,129,631,382,249,45,32,13,0,777,35969,188249,10036,11500,18183,1148,2142,63,240,393,1.09,1793,193
196,196,Costa Rica,2020-09-16 19:00:00,116014,59516,1135,243,649,21752,47578,11938,28264,31252,50524,3867,4996,129,634,381,253,61,44,17,0,1378,37115,190570,10137,11615,18382,1156,2151,63,246,403,1.09,2321,194
197,197,Costa Rica,2020-09-17 19:00:00,117301,60818,1021,281,666,22662,48789,12029,28907,31911,51636,3947,5106,129,627,382,245,62,40,22,0,1302,37490,193045,10610,12052,19157,1197,2244,64,253,413,1.1,2475,195
198,198,Costa Rica,2020-09-18 19:00:00,119216,62374,1323,233,686,23168,50141,12233,29647,32727,52963,4046,5236,129,623,378,245,50,33,17,0,1556,38520,196377,10857,12311,19611,1212,2281,64,263,423,1.1,3332,196
199,199,Costa Rica,2020-09-19 19:00:00,121292,63712,1034,304,706,23552,51308,12404,30299,33413,54066,4162,5352,132,620,373,247,53,40,13,0,1338,39454,199713,11042,12510,19954,1225,2309,64,270,436,1.11,3336,197
200,200,Costa Rica,2020-09-20 19:00:00,123088,64899,1118,69,727,23842,52344,12555,30840,34059,55102,4261,5422,114,633,381,252,61,42,19,0,1187,40330,202796,11185,12657,20218,1234,2328,62,277,450,1.12,3083,198
201,201,Costa Rica,2020-09-21 19:00:00,124178,65602,651,52,745,25127,52958,12644,31146,34456,55696,4327,5459,120,634,380,254,49,40,9,0,703,39730,204765,11849,13278,21322,1324,2413,68,283,462,1.14,1969,199
202,202,Costa Rica,2020-09-22 19:00:00,125212,66689,868,219,760,25706,53912,12777,31688,35001,56616,4412,5541,120,637,377,260,55,41,14,0,1087,40223,206812,12122,13584,21843,1343,2452,68,290,470,1.14,2047,200
203,203,Costa Rica,2020-09-23 19:00:00,127047,68059,1142,228,781,26136,55141,12918,32346,35713,57781,4504,5662,112,616,367,249,56,43,13,0,1370,41142,210057,12318,13818,22233,1362,2479,62,300,481,1.15,3245,201
204,204,Costa Rica,2020-09-24 19:00:00,129114,69459,1122,278,795,26554,56381,13078,33052,36407,58953,4605,5788,113,610,357,253,610,44,13,0,1400,42110,213404,12524,14030,22599,1382,2510,63,307,488,1.14,3347,202
205,205,Costa Rica,2020-09-25 19:00:00,130639,70816,1133,224,812,27023,57546,13270,33694,37122,60075,4734,5891,116,595,358,237,43,31,12,0,1357,42981,216356,12732,14291,23011,1411,2536,65,315,497,1.15,2952,203
206,206,Costa Rica,2020-09-26 19:00:00,132702,72049,994,239,828,27760,58620,13429,34311,37738,61144,4804,5985,116,579,341,238,51,31,20,0,1233,43461,219823,13055,14705,23662,1438,2590,70,323,505,1.15,3467,204
207,207,Costa Rica,2020-09-27 19:00:00,134265,72984,859,76,847,28582,59458,13526,34762,38222,61926,4896,6044,118,595,372,223,69,59,10,0,935,43555,222548,13416,15166,24352,1481,2677,72,332,515,1.16,2725,205
208,208,Costa Rica,2020-09-28 19:00:00,135326,73714,661,69,861,29420,60116,13598,35121,38593,62560,4955,6080,119,617,389,228,52,42,10,0,730,43433,224515,13794,15626,25059,1519,2767,75,336,525,1.17,1967,206
209,209,Costa Rica,2020-09-29 19:00:00,136309,74604,672,218,880,30703,60919,13685,35567,39037,63331,5003,6151,119,606,376,230,47,37,10,0,890,43021,226281,14425,16278,26125,1587,2911,80,341,539,1.18,1766,207
210,210,Costa Rica,2020-09-30 19:00:00,138794,75760,902,254,904,37841,61938,13822,36139,39621,64338,5065,6242,115,574,352,222,39,29,10,0,1156,37015,229178,17959,19882,32229,2113,3410,89,346,558,1.19,2897,208
211,211,Costa Rica,2020-10-01 19:00:00,139852,76828,794,274,917,39843,62884,13944,36678,40150,65218,5133,6359,118,572,351,221,48,42,6,0,1068,36068,231928,18869,20974,33979,2229,3541,94,350,567,1.19,2750,209
212,212,Costa Rica,2020-10-02 19:00:00,141619,77829,785,216,930,42621,63782,14047,37170,40659,66056,5212,6444,117,582,358,224,79,63,16,0,1001,34278,234624,20242,22379,36388,2382,3752,99,354,576,1.19,2696,210
213,213,Costa Rica,2020-10-03 19:00:00,143614,79182,1158,195,950,45007,64990,14192,37880,41302,67211,5314,6540,117,556,343,213,47,38,9,0,1353,33225,238248,21392,23615,38477,2484,3946,100,361,589,1.199767624,3624,211
214,214,Costa Rica,2020-10-04 19:00:00,145245,80407,1169,56,971,47549,66086,14321,38503,41904,68270,5413,6607,117,561,346,215,49,37,12,0,1225,31887,241416,22599,24950,40640,2659,4148,102,369,602,1.21,3168,212
215,215,Costa Rica,2020-10-05 19:00:00,146232,81129,668,54,987,49703,66736,14393,38843,42286,68909,5461,6640,119,570,358,212,37,29,8,0,722,30439,243276,23585,26118,42474,2798,4326,105,374,613,1.21,1860,213
216,216,Costa Rica,2020-10-06 19:00:00,147175,82142,773,240,1004,50020,67652,14490,39333,42809,69791,5530,6734,87,574,360,214,53,36,17,0,1013,31118,245115,23749,26271,42767,2822,4358,73,381,623,1.22,1839,214
217,217,Costa Rica,2020-10-07 19:00:00,148499,83497,1131,224,1024,50295,68873,14624,40005,43492,70945,5634,6832,86,557,354,203,54,42,12,0,1355,32178,247803,23873,26422,43016,2838,4368,73,387,637,1.23,2688,215
218,218,Costa Rica,2020-10-08 19:00:00,150471,84828,992,339,1040,51782,70093,14735,40690,44138,72050,5741,6952,85,568,371,197,66,55,11,0,1331,32006,251285,24673,27109,44303,2913,4494,72,392,648,1.23,3482,216
219,219,Costa Rica,2020-10-09 19:00:00,152317,86053,903,322,1055,52327,71207,14846,41298,44755,73081,5830,7057,85,566,369,197,56,50,6,0,1225,32671,254262,24947,27380,44774,2953,4528,72,396,659,1.23,2977,217
220,220,Costa Rica,2020-10-10 19:00:00,154306,87439,1042,344,1076,52669,72457,14982,42025,45414,74247,5925,7180,87,547,352,195,59,45,14,0,1386,33694,257549,25108,27561,45074,2972,4551,72,401,675,1.23,3287,218
221,221,Costa Rica,2020-10-11 19:00:00,156070,88490,937,114,1090,53083,73403,15087,42547,45943,75144,5994,7264,88,565,376,189,57,49,8,0,1051,34317,260450,25324,27759,45436,2991,4583,73,405,685,1.23,2901,219
222,222,Costa Rica,2020-10-12 19:00:00,157054,89223,646,87,1108,53247,74069,15154,42892,46331,75766,6054,7317,86,572,387,185,47,25,12,0,733,34868,262281,25400,27847,45578,3001,4597,71,411,697,1.24,1831,220
223,223,Costa Rica,2020-10-13 19:00:00,158271,90238,701,314,1124,53670,74993,15245,43383,46855,76624,6114,7414,86,582,381,201,65,45,20,0,1015,35444,264549,25605,28065,45948,3028,4623,71,419,705,1.25,2268,221
224,224,Costa Rica,2020-10-14 19:00:00,160090,91780,1180,362,1134,54155,76373,15407,44137,47643,77942,6219,7533,86,553,350,203,44,27,17,0,1542,36491,267827,25853,28302,46376,3053,4655,71,423,711,1.24,3278,222
225,225,Costa Rica,2020-10-15 19:00:00,162135,93152,1047,325,1159,57731,77598,15554,44811,48341,79114,6311,7642,85,536,330,206,57,42,15,0,1372,34262,271394,27654,30077,49459,3275,4926,71,437,722,1.24,3567,223
226,226,Costa Rica,2020-10-16 19:00:00,164007,94348,860,336,1168,58269,78679,15669,45383,48965,80113,6402,7748,85,526,309,217,42,29,13,0,1196,34911,274722,27921,30348,49927,3299,4972,71,441,727,1.24,3328,224
227,227,Costa Rica,2020-10-17 19:00:00,165806,95514,867,299,1183,58816,79720,15794,45975,49539,81084,6493,7852,85,520,303,217,44,28,16,0,1166,35515,277805,28194,30622,50395,3325,5025,71,447,736,1.24,3083,225
228,228,Costa Rica,2020-10-18 19:00:00,167500,96443,815,114,1194,59049,80561,15882,46407,50036,81855,6582,7921,85,535,320,215,40,34,6,0,929,36200,280768,28298,30751,50603,3338,5037,71,452,742,1.24,2963,226
229,229,Costa Rica,2020-10-19 19:00:00,168295,97075,532,100,1204,59580,81027,16048,46665,50410,82393,6627,7969,86,551,337,214,46,38,8,0,632,36291,282256,28563,31017,51054,3375,5080,71,458,746,1.24,1488,2267
230,230,Costa Rica,2020-10-20 19:00:00,169216,97922,532,315,1222,60109,81795,16127,47071,50851,83076,6690,8070,86,542,327,215,46,39,7,0,847,36591,283867,28816,31293,51539,3395,5104,71,465,757,1.25,1611,228
231,231,Costa Rica,2020-10-21 19:00:00,171106,99425,1174,329,1236,60738,83140,16285,47811,51614,84349,6782,8206,88,531,325,206,46,36,10,0,1503,37451,287168,29120,31618,52092,3420,5155,71,473,763,1.24,3301,229
232,232,Costa Rica,2020-10-22 19:00:00,172899,100616,867,324,1251,61162,84222,16394,48437,52179,85338,6882,8308,88,513,316,197,48,39,9,0,1191,38203,290035,29330,31832,52465,3445,5181,71,477,774,1.24,2867,230
233,233,Costa Rica,2020-10-23 19:00:00,174784,101826,897,313,1265,61662,85311,16515,49019,52807,86332,6967,8437,90,521,320,201,56,44,11,0,1210,38899,293151,29574,32088,52906,3478,5207,71,482,783,1.24,3116,231
234,234,Costa Rica,2020-10-24 19:00:00,176692,103088,1016,246,1282,62037,86456,16632,49641,53447,87410,7054,8534,90,2698,303,201,41,31,10,0,1262,39769,296363,29770,32267,53222,3506,5238,71,486,796,1.24,3212,232
235,235,Costa Rica,2020-10-25 19:00:00,178246,103949,752,109,1298,62222,87230,16719,50062,53887,88145,7116,8598,90,508,302,206,36,28,8,0,861,40429,299083,29861,32361,53384,3513,5254,71,495,803,1.25,2720,233
236,236,Costa Rica,2020-10-26 19:00:00,178988,104460,420,91,1312,63709,87700,16760,50327,54133,88565,7164,8639,92,512,306,206,34,30,4,0,511,39439,300470,30643,33066,54667,3614,5355,73,499,813,1.26,1387,234
237,237,Costa Rica,2020-10-27 19:00:00,179870,105322,614,248,1329,64406,88485,16837,50776,54546,89314,7223,8694,91,498,303,195,52,43,9,0,862,39587,302168,30983,33423,55297,3639,5398,72,509,820,1.26,1698,235
238,238,Costa Rica,2020-10-28 19:00:00,181546,106553,949,282,1340,64996,89590,16963,51382,55171,90346,7313,8801,93,477,289,188,42,35,7,0,1231,40217,305146,31246,33750,55812,3666,5444,74,515,825,1.26,2978,236
239,239,Costa Rica,2020-10-29 19:00:00,183243,107570,748,269,1357,65666,90488,17082,51906,55664,91186,7386,8899,99,452,270,182,21,14,7,0,1017,40547,308063,31564,34102,56371,3710,5506,79,522,835,1.26,2917,237
240,240,Costa Rica,2020-10-30 19:00:00,185280,108866,1021,275,1371,66202,91657,17209,52549,56317,92281,7473,9012,100,452,266,186,46,29,17,0,1296,41293,311310,31822,34380,56837,3734,5551,80,523,848,1.259346352,3247,238
241,241,Costa Rica,2020-10-31 19:00:00,187026,109971,844,261,1385,66719,92650,17321,53087,56884,93186,7558,9131,96,455,269,186,47,36,11,0,1105,41867,314534,32051,34668,57265,3767,5609,78,525,860,1.26,3224,239
242,242,Costa Rica,2020-11-01 19:00:00,188139,110717,648,98,1396,66937,93314,17403,53444,57273,93803,7621,9192,101,448,264,189,28,20,8,0,746,42384,316368,32156,34781,57434,3783,5637,83,531,865,1.26,1834,240
243,243,Costa Rica,2020-11-02 19:00:00,189058,111257,457,83,1404,68129,93798,17459,53716,57541,94256,7666,9234,101,467,276,191,39,28,11,0,540,41724,318064,32780,35349,58424,3873,5749,83,535,869,1.26,1696,241
244,244,Costa Rica,2020-11-03 19:00:00,190263,112120,617,246,1419,68604,94567,17553,54129,57991,94991,7725,9303,101,462,277,185,36,29,7,0,863,42097,320253,32985,35619,58838,3893,5790,83,540,879,1.27,2189,242
245,245,Costa Rica,2020-11-04 19:00:00,191876,113261,876,265,1431,69143,95581,17680,54691,58570,95986,7791,9383,101,451,272,179,53,36,17,0,1141,42687,323187,33234,35909,59282,3927,5851,83,545,886,1.26,2934,243
246,246,Costa Rica,2020-11-05 19:00:00,193841,114367,883,223,1444,70002,96575,17792,55224,59143,96919,7865,9480,103,449,272,177,58,41,17,0,1106,42921,326539,33685,36317,60004,3966,5949,83,550,894,1.26,3352,244
247,247,Costa Rica,2020-11-06 19:00:00,195496,115417,818,232,1453,70421,97525,17892,55762,59655,97779,7947,9594,97,455,285,170,46,34,12,0,1050,43543,329416,33911,36510,60376,3986,5981,78,553,900,1.26,2877,245
248,248,Costa Rica,2020-11-07 19:00:00,197171,116363,726,220,1464,71119,98377,17986,56257,60106,98577,8017,9672,97,464,285,179,9,31,13,0,946,43780,332387,34223,36896,60982,4020,6039,78,557,907,1.26,2971,246
249,249,Costa Rica,2020-11-08 19:00:00,198731,117099,659,77,1476,71201,99031,18068,56626,60473,99219,8067,9715,98,464,276,188,35,23,12,0,736,44422,335272,34260,36941,61047,4023,6053,78,562,914,1.26,2885,247
250,250,Costa Rica,2020-11-09 19:00:00,199187,117587,411,77,1491,72249,99469,18118,56873,60714,99645,8106,9738,98,484,289,195,44,38,6,0,488,43847,336529,34797,37452,61897,4112,6162,78,566,925,1.27,1257,248
251,251,Costa Rica,2020-11-10 19:00:00,200510,118566,684,295,1502,72941,100352,18214,57390,61176,100467,8172,9829,98,492,294,198,55,39,16,0,979,44123,338190,35129,37812,62503,4139,6221,78,568,934,1.27,1661,249
252,252,Costa Rica,2020-11-11 19:00:00,202168,119768,948,254,1513,73509,101477,18291,57979,61789,101506,8253,9912,97,492,295,197,55,44,11,0,1202,44746,341594,35398,38111,62978,4168,6285,78,573,940,1.26,2967,250
253,253,Costa Rica,2020-11-12 19:00:00,204123,120939,907,264,1527,74255,102554,18385,58549,62390,102495,8329,10018,97,489,298,191,46,33,13,0,1171,45157,344868,35780,38475,63613,4211,6353,78,577,950,1.26,3274,251
254,254,Costa Rica,2020-11-13 19:00:00,205886,122123,934,250,1537,74868,103649,18474,59143,62980,103482,8413,10130,98,477,285,192,33,23,10,0,1184,45718,347822,36077,38791,64137,4257,6396,78,579,958,1.26,2954,252
255,255,Costa Rica,2020-11-14 19:00:00,207554,123223,825,275,1546,75341,104658,18565,59691,63532,104390,8497,10238,98,468,265,203,40,26,14,0,1100,46336,350813,36334,39007,64547,4281,6435,78,585,961,1.25,2991,253
256,256,Costa Rica,2020-11-15 19:00:00,208984,123949,642,84,1555,75691,105329,18620,60029,63920,105030,8550,10271,98,485,283,202,41,34,7,0,726,46703,353809,36500,39191,64865,4294,6453,79,587,968,1.25,2996,255
257,257,Costa Rica,2020-11-16 19:00:00,209700,124592,583,60,1566,77164,105911,18681,60325,64267,105596,8598,10299,99,515,310,205,47,38,9,0,643,45862,355362,37290,39874,66090,4415,6580,79,593,973,1.26,1553,254
258,258,Costa Rica,2020-11-17 19:00:00,210686,125590,655,343,1578,77558,106846,18744,60815,64775,106384,8684,10423,99,514,293,221,53,35,18,0,998,46454,357158,37465,40093,66422,4435,6622,79,597,981,1.26,1796,256
259,259,Costa Rica,2020-11-18 19:00:00,212683,127012,1087,335,1588,78238,108168,18844,61512,65500,107571,8784,10558,99,496,280,216,49,40,9,0,1422,47186,360478,37791,40447,67001,4471,6687,79,602,986,1.25,3320,257
260,260,Costa Rica,2020-11-19 19:00:00,214580,128231,937,282,1599,78851,109302,18929,62130,66101,108597,8878,10657,99,476,262,214,34,24,10,0,1219,47781,363834,38082,40769,67537,4499,6736,79,607,992,1.25,3356,258
261,261,Costa Rica,2020-11-20 19:00:00,216235,129418,918,269,1608,79372,110405,19013,62733,66685,109598,8958,10763,99,470,253,217,47,35,12,0,1187,48438,366844,38327,41045,68001,4526,6766,79,613,995,1.24,3010,259
262,262,Costa Rica,2020-11-21 19:00:00,218467,130722,1007,297,1624,80272,111613,19109,63387,67335,110699,9046,10878,99,485,264,221,58,43,15,0,1304,48826,370739,38757,41515,68781,4564,6848,79,620,1004,1.24,3895,260
263,263,Costa Rica,2020-11-22 19:00:00,220256,131677,847,108,1634,80349,112508,19169,63879,67798,111494,9129,10955,99,493,264,229,43,32,11,0,955,49694,373960,38796,41553,68850,4570,6850,79,626,1008,1.24,3221,261
264,264,Costa Rica,2020-11-23 19:00:00,221093,132295,539,79,1641,81336,113078,19217,64194,68101,112020,9174,11002,99,507,280,227,35,33,3,0,618,49318,375720,39298,42038,69698,4640,6919,79,628,1013,1.24,1760,262
265,265,Costa Rica,2020-11-24 19:00:00,222371,133190,632,263,1662,81973,113895,19295,64650,68540,112763,9240,11088,99,501,293,208,51,39,-19,0,895,49555,378107,39597,42376,70230,4694,6970,79,632,1030,1.25,2387,263
266,266,Costa Rica,2020-11-25 19:00:00,224146,134520,1020,310,1674,82611,115095,19425,65308,69212,113900,9333,11187,100,496,289,207,49,33,16,0,1330,50235,381490,39910,42701,70771,4725,7035,80,634,1040,1.24,3383,264
267,267,Costa Rica,2020-11-26 19:00:00,226213,135742,955,267,1679,83273,116216,19526,65918,69824,114913,9436,11293,100,506,295,211,50,43,7,0,1222,50790,385004,40221,43052,71370,4751,7072,80,637,1042,1.24,3514,265
268,268,Costa Rica,2020-11-27 19:00:00,228084,137093,1070,281,1690,84991,117482,19611,66588,70505,115995,9571,11427,100,513,293,220,54,37,17,0,1351,50412,388489,41041,43950,72860,4843,7208,80,641,1049,1.23,3485,266
269,269,Costa Rica,2020-11-28 19:00:00,230293,138248,919,236,1700,85489,118543,19705,67203,71045,116971,9665,11512,100,514,302,212,56,48,8,0,1155,51059,392317,41276,44213,73296,4869,7244,80,643,1057,1.23,3828,267
270,270,Costa Rica,2020-11-29 19:00:00,232052,139099,764,87,1715,85639,119337,19762,67676,71423,117701,9737,11561,100,515,313,202,42,34,8,0,851,51745,395437,41346,44293,73420,4883,7256,80,648,1067,1.23,3120,268
271,271,Costa Rica,2020-11-30 19:00:00,232964,139638,475,64,1726,87526,119832,19806,67937,71701,118145,9797,11596,100,534,323,211,49,30,9,0,539,50386,397311,42266,45260,75047,5007,7392,80,651,1075,1.24,1874,269
272,272,Costa Rica,2020-12-01 19:00:00,233713,140172,471,63,1731,87721,120321,19851,68208,71964,118582,9860,11630,100,571,347,224,58,50,8,0,534,50720,398784,42358,45363,75217,5021,7403,80,653,1078,1.23,1473,270
273,273,Costa Rica,2020-12-02 19:00:00,234879,141340,864,304,1739,88226,121427,19913,68814,72526,119572,9946,11722,100,572,356,216,48,42,6,0,1168,51375,401201,42623,45603,75623,5056,7467,80,655,1084,1.230366492,2417,271
274,274,Costa Rica,2020-12-03 19:00:00,236598,142505,878,287,1757,91424,122499,20006,69415,73090,120548,10051,11806,100,563,351,212,57,47,10,0,1165,49324,404440,44172,47252,78352,5243,7747,82,664,1093,1.23,3239,272
275,275,Costa Rica,2020-12-04 19:00:00,238291,143685,913,267,1773,95789,123599,20086,70002,73683,121546,10134,11905,100,577,364,213,61,46,15,0,1180,46123,407741,46366,49423,82079,5510,8112,88,666,1107,1.23,3301,273
276,276,Costa Rica,2020-12-05 19:00:00,240580,144891,989,217,1793,98610,124704,20187,70601,74290,122562,10241,11988,100,579,363,216,62,51,11,0,1206,44488,411680,47685,50925,84454,5708,8358,90,675,1118,1.24,3939,274
277,277,Costa Rica,2020-12-06 19:00:00,242547,145845,874,80,1810,100920,125588,20257,71094,74751,123350,10346,12049,100,589,364,225,53,44,9,0,954,43115,415336,48782,52138,86337,5906,8586,91,681,1129,1.24,3656,275
278,278,Costa Rica,2020-12-07 19:00:00,243487,146421,507,69,1825,102855,126130,20291,71383,75038,123820,10417,12084,100,608,383,225,48,40,8,0,576,41741,417186,49725,53130,88040,6025,8698,92,686,1139,1.25,1850,276
,279,Costa Rica,2020-12-08 19:00:00,244743,147430,761,248,1846,105686,127064,20366,71888,75542,124395,10474,12062,499,619,389,230,63,55,8,0,1009,39898,419572,51203,54483,90207,6230,8814,435,696,1150,1.25,2386,277
